<?xml version="1.0" encoding="UTF-8"?>
<project-private xmlns="http://www.netbeans.org/ns/project-private/1">
    <data xmlns="http://www.netbeans.org/ns/make-project-private/1">
        <activeConfTypeElem>1</activeConfTypeElem>
        <activeConfIndexElem>0</activeConfIndexElem>
    </data>
    <editor-bookmarks xmlns="http://www.netbeans.org/ns/editor-bookmarks/2" lastBookmarkId="0"/>
    <open-files xmlns="http://www.netbeans.org/ns/projectui-open-files/2">
        <group>
            <file>file:/C:/Users/Desktop/Documents/NetBeansProjects/github_test/LP_Projeto/funclib.h</file>
            <file>file:/C:/Users/Desktop/Documents/NetBeansProjects/github_test/LP_Projeto/salariolib.h</file>
            <file>file:/C:/Users/Desktop/Documents/NetBeansProjects/github_test/LP_Projeto/funcionario.c</file>
            <file>file:/C:/Users/Desktop/Documents/NetBeansProjects/github_test/LP_Projeto/main.c</file>
            <file>file:/C:/Users/Desktop/Documents/NetBeansProjects/github_test/LP_Projeto/input.h</file>
            <file>file:/C:/Users/Desktop/Documents/NetBeansProjects/github_test/LP_Projeto/input.c</file>
            <file>file:/C:/Users/Desktop/Documents/NetBeansProjects/github_test/LP_Projeto/salarios.c</file>
        </group>
    </open-files>
</project-private>
