<?xml version="1.0" encoding="UTF-8"?>
<project-private xmlns="http://www.netbeans.org/ns/project-private/1">
    <data xmlns="http://www.netbeans.org/ns/make-project-private/1">
        <activeConfTypeElem>1</activeConfTypeElem>
        <activeConfIndexElem>0</activeConfIndexElem>
    </data>
    <editor-bookmarks xmlns="http://www.netbeans.org/ns/editor-bookmarks/2" lastBookmarkId="0"/>
    <open-files xmlns="http://www.netbeans.org/ns/projectui-open-files/2">
        <group>
            <file>file:/C:/Users/LAPTOP/Documents/NetBeansProjects/github_test-main/LP/Trabalho_LP/Ex_teste/funclib.h</file>
            <file>file:/C:/Users/LAPTOP/Documents/NetBeansProjects/github_test-main/LP/Trabalho_LP/Ex_teste/main.c</file>
            <file>file:/C:/Users/LAPTOP/Documents/NetBeansProjects/github_test-main/LP/Trabalho_LP/Ex_teste/input.c</file>
            <file>file:/C:/Users/LAPTOP/Documents/NetBeansProjects/github_test-main/LP/Trabalho_LP/Ex_teste/funcionario.c</file>
            <file>file:/C:/Users/LAPTOP/Documents/NetBeansProjects/github_test-main/LP/Trabalho_LP/Ex_teste/input.h</file>
        </group>
    </open-files>
</project-private>
