<?xml version="1.0" encoding="UTF-8"?>
<project-private xmlns="http://www.netbeans.org/ns/project-private/1">
    <data xmlns="http://www.netbeans.org/ns/make-project-private/1">
        <activeConfTypeElem>1</activeConfTypeElem>
        <activeConfIndexElem>0</activeConfIndexElem>
    </data>
    <editor-bookmarks xmlns="http://www.netbeans.org/ns/editor-bookmarks/2" lastBookmarkId="1">
        <file>
            <url>input.c</url>
            <bookmark id="1">
                <name/>
                <line>10</line>
                <key/>
            </bookmark>
        </file>
    </editor-bookmarks>
    <open-files xmlns="http://www.netbeans.org/ns/projectui-open-files/2">
        <group>
            <file>file:/C:/Users/LAPTOP/Desktop/9/Parte2/Ex1/livros.c</file>
            <file>file:/C:/Users/LAPTOP/Desktop/9/Parte2/Ex1/booklib.h</file>
            <file>file:/C:/Users/LAPTOP/Desktop/9/Parte2/Ex1/main.c</file>
        </group>
    </open-files>
</project-private>
